Index,patentID,Title,Inventor,Assignee,Score,Publication_Date,Grant_Date,Priority_Date,Status,kw1,kw2,kw3,kw4,kw5,URL,Iteration,Citation_Forward,Citation_Backward
2,CN213426288U,Tlens camera module and terminal,卢江|李廷飞|赵军|谢双燕|齐书|晏政波|陈国狮|古昌根,Chongqing Ts Precision Technology Co Ltd,615,2021-06-11,2021-06-11,2020-12-10,Active,"tlens|45,Tlens module|36",adjustable lens|2,LDS|1,,camera module|14,"=HYPERLINK(""https://patents.google.com/patent/CN213426288U/en"")",0,,
5,GB2596650A,Focus stabilization of imaging system with variable focus lens,Gurevich Vladimir,Zebra Technologies Corp,250,2021-07-28,,2020-06-25,Pending,T-lens|2,"focusing lens|1,focus lens|3,deformable lens|1,shift lens|1,liquid lens|2,variable focus lens|3,adaptive lens|2",,voice coil motor|1,"autofocus|8,auto focus|16,imaging device|1","=HYPERLINK(""https://patents.google.com/patent/GB2596650A/en"")",0,,"US20140166758A1,US20180137318A1,US20190356860A1"
8,CN109348104B,"Camera module, electronic equipment and shooting method",周耀敏,Vivo Mobile Communication Co Ltd,275,2019-02-15,2021-01-08,2018-10-30,Active,T-lens|20,convex lens|5,polymer|1,liquid crystal|1,"auto focus|2,camera module|41,digital camera|2","=HYPERLINK(""https://patents.google.com/patent/CN109348104B/en"")",0,"CN110012134A,CN110661954A,CN111182193B,CN111405153A,CN112492165B","CN102436018A,JP2009294330A,CN105988180A"
10,CN109309789A,The field angle control method and terminal device of light compensating lamp,李松杰|杨尚明,Vivo Mobile Communication Co Ltd,407,2019-02-05,,2018-10-30,Pending,T-lens|66,"adjustable lens|3,tunable lens|1","polymer|12,polymer film|8,t-lens module|61",liquid crystal|1,,"=HYPERLINK(""https://patents.google.com/patent/CN109309789A/en"")",0,"CN112218415A,CN113141442A","WO2002101442A1,CN204439988U,CN108702434A,CN207831092U"
12,CN113113836A,Optical sensor and electronic device,刘海亮|许伟才,Oppo,768,2021-07-13,,2021-04-02,Pending,"tlens|1,t lens|1,TLens|1,T Lens|1,(T lens)|1,T-lens|1","refractive lens|6,diffractive lens|8,tunable lens|1","transparent elastic member|11,optical film layer|6",VCM |1,"autofocus|1,auto focus|1,time of flight|3,depth information|5,mobile phones|2,automobiles|1,medical treatment|1,scientific research|1,navigation|2,TOF|9,(TOF)|2,AR/VR|1,PDA|1","=HYPERLINK(""https://patents.google.com/patent/CN113113836A/en"")",0,CN113542534A,"CN108363267A,CN109188711A,CN110346940A,CN210835461U,CN110361870A,CN112379528A"
20,CN113014790A,"Defocus conversion coefficient calibration method, PDAF method and camera module",郑龙伟|牛亚军|曾义闵|李斯坤,Huawei Technologies Co Ltd,269,2021-06-22,,2019-12-19,Pending,tlens|2,"adjustable lens|4,focusing lens|1,focus lens|4,plastic lens|1,glass lens|2,liquid crystal lens|5,liquid lens|14,tunable lens|1,variable focus lens|1",,"fixed focus lens|3,voice coil motor|1,liquid crystal|5","autofocus|9,auto focus|14,camera module|139,video cameras|1,(OIS)|1,OIS|1,PDAs|1","=HYPERLINK(""https://patents.google.com/patent/CN113014790A/en"")",0,,"US5497209A,JP2008102537A,CN102089696A,CN103676082A,CN105391932A,CN106556960A"
21,WO2019217108A1,Variable attenuation of an illumination source,Joshua Owen Miller,Microsoft Technology Licensing Llc,368,2019-11-14,,2018-05-16,,"polight|1,TLens®|1,poLight|1","convex lens|1,plano-concave|1,liquid lens|1,tunable lc lens|1,tunable lens|102","polymer|3,polymer cushion|2,translucent glass support|1,piezo elements|5,spherically deform|1,thin glass membrane|1","liquid crystals|5,ring electrodes|2,electrical modulation|1,floating electrodes|6,edge conductors|1,electrowetting|2,chamber|6,oil|1,aqueous solution|2,lens chamber|1,flexible membrane|2,liquid crystal|3,LC|10","mobile phones|1,automobiles|1,HMD|31,PDA|1","=HYPERLINK(""https://patents.google.com/patent/WO2019217108A1/en"")",0,"CN107861247B,US10983349B2","WO2013138191A1,US20170307890A1"
27,US10222514B2,Autofocus lens system,H. Sprague Ackley|Alain Gillet,Hand Held Products Inc,422,2018-08-23,2019-03-05,2018-04-16,Active,"polight|1,poLight|1","adjustable lens|1,adjustable-surface lens|17,auto-focus lens|1,focusing-module lens|28,autofocus lens|38,mechanical autofocus lens|3","polymer|6,thin glass membrane|1,piezoelectric film|8",,"autofocus|60,auto focus|60,depth of field|2,imaging device|1","=HYPERLINK(""https://patents.google.com/patent/US10222514B2/en"")",0,"US11231528B2,US9779546B2,US10007858B2,US20140104413A1,CN103780847A,US8918250B2,US9930142B2,US10228452B2,US9104929B2,US9572901B2,US8870074B1,US9373018B2,US9665757B2,US9412242B2,US9224022B2,US9478113B2,US9823059B2,US10775165B2,US9779276B2,US10810715B2,US9443222B2,US10909490B2,US9752864B2,US9897434B2,US10438409B2,US10509619B2,US10176521B2,US9743731B2,US9761096B2,US10317474B2,US10275088B2,US9678536B2,US10296259B2,US9727769B2,US10049246B2,US10191514B2,US10635876B2,US9679178B2,US10552786B2,US9774940B2,US10621538B2,US11244264B2,US20160189270A1,US9843660B2,US10152622B2,US9230140B1,US9830488B2,US9898635B2,US9685049B2,US11257143B2,US10108832B2,US9879823B2,US9811650B2,CN204706037U,US9734639B2,US10049290B2,US10402038B2,US10061565B2,US10262660B2,US11081087B2,US9997935B2,US10120657B2,US9390596B1,CN204795622U,US9852102B2,US9693038B2,US20160314294A1,US9954871B2,US9978088B2,US9786101B2,USD771631S1,US9507974B1,US10354449B2,US9892876B2,US9949005B2,US20160377414A1,US9835486B2,EP3118576B1,US10094650B2,US10467513B2,US9911023B2,US10410629B2,US9781681B2,CN206006056U,US9490540B1,US9659198B2,US9652648B2,CN205091752U,US9646191B2,US10373143B2,US9767337B2,US10312483B2,US9844956B2,US9656487B2,US10146194B2,US9727083B2,US9876923B2,US9684809B2,US10249030B2,US10397388B2,US10129414B2,US10026377B2,US9680282B2,US10192194B2,US10225544B2,US9864891B2,US9697401B2,US10282526B2,US10064005B2,US9935946B2,CN106899713B,US9729744B2,US10325436B2,US9727840B2,US9805343B2,US10026187B2,US10859667B2,US9945777B2,US10235547B2,US10025314B2,CN205880874U,US9990784B2,US9674430B1,US11125885B2,US10394316B2,US10055625B2,US10185906B2,US9727841B1,US10183500B2,US10339352B2,US9940721B2,US10306051B2,US10163216B2,US9990524B2,US9955099B2,US9876957B2,US9864887B1,US10085101B2,US9662900B1,CN107622218A,CN107622217A,US10896403B2,US10714121B2,US9902175B1,US9919547B2,US11157869B2,US10640325B2,US9940497B2,US10372954B2,US10685665B2,US10384462B2,US10158834B2,US10286694B2,US10042593B2,US9805257B1,US10484847B2,US9946962B2,US9881194B1,US9701140B1,US10375473B2,US9931867B1,US9785814B1,US10181321B2,US9936278B1,US9892356B1,US10114997B2,US10146975B2,US10022993B2,US10395081B2,CN108616148A,US10909708B2,US10740855B2,US10163044B2,US10044880B2,US10304174B2,US10237421B2,CN108256367A,CN108259702B,US9827796B1,US10652403B2,US10468015B2,CN108304741A,US11042834B2,US10263443B2,US9802427B1,US9849691B1,US10350905B2,CN108363932A,US10158612B2,US10984374B2,US10252874B2,US9908351B1,JP2020510245A,US10737911B2,US10195880B2,US10105963B2,CN108537077A,US11047672B2,US10780721B2,US10798316B2,US10223626B2,US9937735B1,US10463140B2,US10810541B2,US10549561B2,CN108859447B,US10438098B2,US10523038B2,US10732226B2,US10592536B2,US9984366B1,US10035367B1,US10710386B2,US10977594B2,US10644944B2,US10778690B2,US10127423B1,US10216969B2,US10264165B2,US10867141B2,US10956033B2,US10733748B2,CN109308430A,US10255469B2,US10650631B2,US10099485B1,US10373032B2,CN109388981A,CN109390994A,CN109424871A,US10399359B2,US10372389B2,US10756900B2,US10621470B2,US10245861B1,US10728445B2,US10884059B2,US10654287B2,US10084556B1,US10399369B2,US10293624B2,US10679101B2,US10210364B1,US10427424B2,US10181896B1,US10369823B2,US10369804B2,US10399361B2,US10654697B2,US10232628B1,US10703112B2,US10756563B2,US10323929B1,US10773537B2,US10834283B2,US10795618B2,US10803264B2,US10546160B2,US10731963B2,US10897150B2,US10809949B2,US10584962B2,US10434800B1,CN109167909B,CN109327580A,US20220066126A1,US20220124253A1","US20130313324A1,US8602309B2,US20140063289A1,US8587697B2,US20130292477A1,US6832725B2,US20090134221A1,US8682077B1,US8702000B2,US20140299665A1,US8559767B2,US9047525B2,US9137009B1,US8794522B2,US20140231500A1,US7413127B2,US8528818B2,US8561895B2,US8967468B2,US8544737B2,US7159783B2,US8596542B2,US20140076974A1,US8622303B2,US20140103115A1,US8789758B2,US8985457B2,US20120168512A1,US8479992B2,US20130292475A1,US8844822B2,US20150014416A1,US8517271B2,US8317105B2,US8366005B2,US7128266B2,US8615487B2,US7296749B2,US20140108402A1,US8636224B2,US20140140585A1,US8720783B2,US9202458B2,US8868421B2,US20150039309A1,US8756059B2,US20140288933A1,US8723804B2,US8750445B2,US8599957B2,US8556177B2,US20150063215A1,US8881987B2,US20070063048A1,US20150029002A1,US8851383B2,US9491729B2,US9084032B2,US9275388B2,US8842849B2,US9159059B2,US8727223B2,US8944332B2,US20150136851A1,US20110149409A1,US8045280B2,US8505822B2,US7813047B2,US8687282B2,US20120248195A1,US20080144185A1,US20080144186A1,US20140168787A1,US20140197304A1,US9047359B2,US8915444B2,US8971346B2,US20140125999A1,US8630491B2,US8638806B2,US20140133379A1,US20110157675A1,US8794526B2,US20140158770A1,US20140217166A1,US8635309B2,US7726575B2,US20150127791A1,US8556174B2,US8925818B2,US20090072037A1,US8548420B2,US8371507B2,US9049640B2,US8807431B2,US8584945B2,US8611309B2,US20140098792A1,US9361882B2,US9171543B2,US8794520B2,US8628015B2,US8783573B2,US8646694B2,US8908995B2,US20150149946A1,US20100177080A1,US8457013B2,US20100177707A1,US9030964B2,US20100177749A1,US20100177076A1,US20110304927A1,US8643717B2,US9183425B2,US8424768B2,US20100276491A1,US8305691B2,US20100276492A1,US20100276493A1,US9519814B2,US8583924B2,US8914788B2,US9418269B2,US8596539B2,US20140104696A1,US8668149B2,US8294969B2,US8390909B2,US20140247315A1,US8723904B2,US8587595B2,US9047098B2,US8868802B2,US8596543B2,US8996384B2,US20150199957A1,US9497092B2,US20110169999A1,US8698949B2,US8866963B2,US20140204268A1,US8579200B2,US8588869B2,US20140066136A1,US8640958B2,US8781520B2,US9058526B2,US20110202554A1,US9298964B2,US9104934B2,US8600167B2,US9047531B2,US8366002B2,US9189669B2,US8659397B2,US9489782B2,US8910870B2,US8717494B2,US8757495B2,US8565107B2,US8408469B2,US9036054B2,US8760563B2,US8322622B2,US8944327B2,US8490877B2,US20120111946A1,US8600158B2,US20140078342A1,US8571307B2,US8849019B2,US8950678B2,US9010641B2,US8550357B2,US20140025584A1,US20130270346A1,US8408468B2,US8448863B2,US9365381B2,US8939374B2,US8996194B2,US8763909B2,US8692927B2,US8798367B2,US20130306731A1,US9418270B2,US9038915B2,US8942480B2,US8599271B2,US20120193423A1,US8561903B2,US20140034734A1,US9033240B2,US8381979B2,US8879639B2,US8678286B2,US8789757B2,US8408464B2,US8985456B2,US8636200B2,US20120203647A1,US8550354B2,US8531790B2,US20120223141A1,US8459557B2,US8988590B2,US8469272B2,US8824692B2,US20140369511A1,US8914290B2,US20150088522A1,US9219836B2,US8868519B2,US20150032709A1,US9079423B2,US9208366B2,US20140217180A1,US8824696B2,US20140363015A1,US8561905B2,US8998091B2,US8376233B2,US8628016B2,US8910875B2,US8657200B2,US8640960B2,US9158340B2,US8636215B2,US9269036B2,US8985459B2,US9481186B2,US20130043312A1,US8779898B2,US8636212B2,US9111166B2,US8822848B2,US9111159B2,US9135483B2,US8590789B2,US20140070005A1,US8844823B2,US8976368B2,US8678285B2,US20150001301A1,US8807432B2,US8556176B2,US8794525B2,US9057641B2,US20130075168A1,US8474712B2,US8646692B2,US9317037B2,US9274812B2,US9047420B2,US8918564B2,US8621123B2,US9053055B2,US8868803B2,US20140108682A1,US8608071B2,US9411386B2,US9015513B2,US20140125853A1,US9066032B2,US8629926B2,US9262660B2,US9224024B2,US20140166757A1,US8903172B2,US8820630B2,US9248640B2,US8881983B2,US8628013B2,US8991704B2,US9093141B2,US8695880B2,US20130175341A1,US8523076B2,US20130175343A1,US20150028104A1,US20150128116A1,US20150051992A1,US8880426B2,US8988578B2,US8915439B2,US8740085B2,US20140374483A1,US8740082B2,US9378403B2,US8550335B2,US9087250B2,US8777108B2,US9064165B2,US20130257744A1,US9383848B2,US20130257759A1,US8976030B2,US20150062366A1,WO2013163789A1,US8608053B2,US20130293539A1,US20130293540A1,US9064167B2,US8752766B2,US9007368B2,US9098763B2,US20130307964A1,US9558386B2,US20130306728A1,US20130308625A1,US9064254B2,US9038911B2,US8789759B2,US9016576B2,US20150327012A1,US9092682B2,US8978983B2,US8746563B2,US9158000B2,US20130332524A1,US9270782B2,US20150220753A1,US20150144698A1,US9053380B2,US8978981B2,US9245492B2,US20140001267A1,US20140002828A1,US8944313B2,US20150049347A1,US8854633B2,US9092683B2,US9262662B2,US20150186703A1,US20140039693A1,US9478983B2,US9360304B2,US20140049120A1,US20150009338A1,US20140049683A1,US20140049635A1,US20140061306A1,US20140067692A1,US9022288B2,US20140074746A1,US20140263645A1,US20140071840A1,US20150096872A1,US8916789B2,US9033242B2,US20140166755A1,US9342723B2,US8777109B2,US20140100813A1,US9002641B2,US20140100774A1,US9286496B2,US20140108010A1,US20140106725A1,US20140104413A1,US9313377B2,US20140104414A1,US20140104416A1,US9148474B2,US9235553B2,US20140114530A1,US20140110485A1,USD730902S1,US20140129378A1,US9147096B2,US20140131444A1,US9465967B2,US20140136208A1,US20140131443A1,US9208367B2,US20140152882A1,US20140159869A1,US9061527B2,US9064168B2,US20140175165A1,US20140194750A1,US9107484B2,USD716285S1,US20140191913A1,USD702237S1,USD734751S1,US20150310389A1,US20140197239A1,US9092681B2,US20140214631A1,US9304376B2,US8978984B2,US9076459B2,US9080856B2,US9384374B2,US20140278387A1,US20140282210A1,US20140270229A1,US20140263493A1,US20140270196A1,US20140297058A1,US9070032B2,US9195844B2,US20140351317A1,US8918250B2,US9037344B2,US20150100196A1,US9141839B2,US20140362184A1,USD762604S1,US20140374485A1,US9104929B2,US8985461B2,US9239950B2,US9250652B2,USD747321S1,USD766244S1,USD723560S1,USD730357S1,US20150021397A1,US9297900B2,US20150040378A1,US20150053769A1,US9464885B2,US9082023B2,US9572901B2,US8870074B1,US9251411B2,USD785636S1,US9165174B2,US20150115035A1,US20150133047A1,US20150134470A1,US20150142492A1,US20150144692A1,US9530038B2,USD734339S1,US20150161429A1,US9053378B1,US9481809B2,US9373018B2,US20150210199A1,US9158953B2,US20150254485A1,US20160171666A1,US9224027B2,US9412242B2,US9258033B2,US9224022B2,US20170160441A1,US20150310243A1,US20160131894A1,US9581809B2,US9301427B2,US9277668B2,US9280693B2,USD757009S1,USD730901S1,US9478113B2,US20160014251A1,US9443123B2,US9310609B2,US9423318B2,US20160042241A1,US20160040982A1,US20160057230A1,US20160062473A1,US9342724B2,US20160092805A1,US20160104019A1,US20160104274A1,US20160101936A1,US20160102975A1,US9443222B2,US20160117627A1,USD760719S1,US20160109220A1,US20160109219A1,US20160112631A1,US20160112643A1,US20160109224A1,US20160125873A1,US20160124516A1,US9646189B2,US9262633B1,US20160125342A1,US20160125217A1,US20160133253A1,US20160171720A1,USD790546S1,US20160171775A1,US20160171597A1,US20160171777A1,US20160178479A1,US20160180713A1,US20160180663A1,US20160178707A1,US20160174674A1,US20160179132A1,US20160178685A1,US20160179368A1,US9454689B2,US20160180594A1,US20160179378A1,US20160180678A1,US20160180133A1,US20160180130A1,US20160180136A1,US20160179143A1,US9375945B1,US20160189092A1,US20160188944A1,US9652653B2,US20160192051A1,US20160189088A1,US20160189447A1,US20160191684A1,US20160189076A1,US20160185136A1,US20160189284A1,US20160189288A1,US9230140B1,US20160189087A1,US20160188941A1,US20160188943A1,US20160188939A1,US20160188942A1,US20160189489A1,US20160189443A1,US20160189366A1,US20160186926A1,US20160188940A1,US20160188861A1,US20160185291A1,US20160202951A1,US20160204623A1,US20160204636A1,US20160203021A1,US20160204638A1,US20160202958A1,US20160202959A1,US20160203797A1,US20160203820A1,US20160203429A1,US20160227912A1,USD785617S1,US20160232891A1,US9390596B1,US9250712B1,US20160292477A1,US20160294779A1,USD777166S1,US20160306769A1,US20160316190A1,US9521331B2,US20160314294A1,US20160314276A1,USD783601S1,US20160323310A1,US20160327614A1,US20160327930A1,US20160325677A1,US20160330218A1,US20160328762A1,US20160343176A1,US20160343163A1,USD771631S1,US9507974B1,US20160364914A1,US20160370220A1,US20160372282A1,US20160373847A1,USD790505S1,US20160377417A1,US20160377414A1,US20170010780A1,US20170010141A1,US20170010328A1,US20170016714A1,US20170018094A1,US9488986B1,US20170046603A1,US20170047864A1,US20170053147A1,US20170053647A1,US20170053146A1,US20170064634A1,US20170055606A1,US20170060316A1,US20170061961A1,US9490540B1,US9659198B2,US9652648B2,US9606581B1,US20170083730A1,US9646191B2,US20170091741A1,US20170091706A1,US20170091904A1,US20170094238A1,US20170092908A1,US20170091502A1,US20170098947A1,US20170100949A1,US9656487B2,US20170108838A1,US20170108895A1,US20170118355A1,US20170123598A1,US20170124396A1,US20170124369A1,US20170124687A1,US20170126873A1,US20170126904A1,US20170140731A1,US20170139012A1,US9680282B2,US20170140329A1,US20170150124A1,US9697401B2,US20170147847A1,US20170171803A1,US20170169198A1,US20170171703A1,US20170171035A1,US20170180359A1,US20170181299A1,US20170180577A1,US20170193727A1,US20170193432A1,US20170193461A1,US20170190192A1,US20170200108A1,US20170200275A1,US9701140B1"
29,US2016131894A1,Autofocus lens system,H. Sprague Ackley|Alain Gillet,Hand Held Products Inc,422,2016-05-12,2017-02-28,2015-12-28,Active,"polight|1,poLight|1","adjustable lens|1,adjustable-surface lens|17,auto-focus lens|1,focusing-module lens|28,autofocus lens|36,mechanical autofocus lens|3","polymer|6,thin glass membrane|1,piezoelectric film|8",,"autofocus|58,auto focus|58,depth of field|2,imaging device|1","=HYPERLINK(""https://patents.google.com/patent/US2016131894A1/en"")",0,"US10073197B2,US11231528B2,US9779546B2,US10007858B2,US20140104413A1,CN103780847A,US8918250B2,US9930142B2,US10228452B2,US9104929B2,US9572901B2,US8870074B1,US9373018B2,US9665757B2,US9412242B2,US9478113B2,US9823059B2,US10775165B2,US9779276B2,US10810715B2,US9443222B2,US10909490B2,US9752864B2,US9897434B2,US10438409B2,US10509619B2,US10176521B2,US9743731B2,US9761096B2,US10317474B2,US10275088B2,US9678536B2,US10296259B2,US9727769B2,US10049246B2,US10191514B2,US10635876B2,US9679178B2,US10552786B2,US9774940B2,US10621538B2,US11244264B2,US20160189270A1,US9843660B2,US10152622B2,US9230140B1,US9830488B2,US9898635B2,US9685049B2,US11257143B2,US10108832B2,US9879823B2,US9811650B2,CN204706037U,US9734639B2,US10049290B2,US10402038B2,US10061565B2,US10262660B2,US11081087B2,US9997935B2,US10120657B2,US9390596B1,CN204795622U,US9852102B2,US9693038B2,US20160314294A1,US9954871B2,US9978088B2,US9786101B2,USD771631S1,US9507974B1,US10354449B2,US9892876B2,US9949005B2,US20160377414A1,US9835486B2,EP3118576B1,US10094650B2,US10467513B2,US9911023B2,US10410629B2,US9781681B2,CN206006056U,US9490540B1,US9659198B2,US9652648B2,CN205091752U,US9646191B2,US10373143B2,US9767337B2,US10312483B2,US9844956B2,US9656487B2,US10146194B2,US9727083B2,US9876923B2,US9684809B2,US10249030B2,US10397388B2,US10129414B2,US10026377B2,US9680282B2,US10192194B2,US10225544B2,US9864891B2,US9697401B2,US10282526B2,US10064005B2,US9935946B2,CN106899713B,US9729744B2,US10325436B2,US9727840B2,US9805343B2,US10026187B2,US10859667B2,US9945777B2,US10235547B2,US10025314B2,CN205880874U,US9990784B2,US9674430B1,US11125885B2,US10394316B2,US10055625B2,US10185906B2,US9727841B1,US10183500B2,US10339352B2,US9940721B2,US10306051B2,US10163216B2,US9990524B2,US9955099B2,US9876957B2,US9864887B1,US10085101B2,US9662900B1,CN107622218A,CN107622217A,US10896403B2,US10714121B2,US9902175B1,US9919547B2,US11157869B2,US10640325B2,US9940497B2,US10372954B2,US10685665B2,US10384462B2,US10158834B2,US10286694B2,US10042593B2,US9805257B1,US10484847B2,US9946962B2,US9881194B1,US9701140B1,US10375473B2,US9931867B1,US9785814B1,US10181321B2,US9936278B1,US9892356B1,US10114997B2,US10146975B2,US10022993B2,US10395081B2,CN108616148A,US10909708B2,US10740855B2,US10163044B2,US10044880B2,US10304174B2,US10237421B2,CN108256367A,CN108259702B,US9827796B1,US10652403B2,US10468015B2,CN108304741A,US11042834B2,US10263443B2,US9802427B1,US9849691B1,US10350905B2,CN108363932A,US10158612B2,US10984374B2,US10252874B2,US9908351B1,JP2020510245A,US10737911B2,US10195880B2,US10105963B2,CN108537077A,US11047672B2,US10780721B2,US10798316B2,US10223626B2,US9937735B1,US10463140B2,US10810541B2,US10549561B2,CN108859447B,US10438098B2,US10523038B2,US10732226B2,US10592536B2,US9984366B1,US10035367B1,US10710386B2,US10977594B2,US10644944B2,US10778690B2,US10127423B1,US10216969B2,US10264165B2,US10867141B2,US10956033B2,US10733748B2,CN109308430A,US10255469B2,US10650631B2,US10099485B1,US10373032B2,CN109388981A,CN109390994A,CN109424871A,US10399359B2,US10372389B2,US10756900B2,US10621470B2,US10245861B1,US10728445B2,US10884059B2,US10654287B2,US10084556B1,US10399369B2,US10293624B2,US10679101B2,US10210364B1,US10427424B2,US10181896B1,US10369823B2,US10369804B2,US10399361B2,US10654697B2,US10232628B1,US10703112B2,US10756563B2,US10323929B1,US10773537B2,US10834283B2,US10795618B2,US10803264B2,US10546160B2,US10731963B2,US10897150B2,US10809949B2,US10584962B2,US10434800B1,CN109167909B,CN109327580A,US20220066126A1,US20220124253A1",
31,CN209860960U,Electronic equipment with fingerprint identification module under screen,肖青,Oneplus Technology Shenzhen Co Ltd,1046,2019-12-27,2019-12-27,2019-06-17,Active,"tlens|6,TLens|5,T Lens|4","adjustable lens|50,plano-convex lens|1,plano-concave|1,plano convex|1,tunable lens|23","piezoelectric element|33,lens body|29","voice coil motor|1,VCM |1","depth of field|3,imaging device|3","=HYPERLINK(""https://patents.google.com/patent/CN209860960U/en"")",0,,
36,CN111935370A,"Camera module, shooting method and device",徐爱新|孟伟|黄庆跃|王旭,Kunshan Q Technology Co Ltd,329,2020-11-13,,2020-07-10,Pending,"tlens|3,TLENS|3","adjustable lens|3,integral lens|1",polymer|1,"voice coil motor|4,liquid crystal|3,SMA|4","camera module|49,depth of field|16,video conferencing|1,time of flight|5,depth information|2,digital camera|1,TOF|102","=HYPERLINK(""https://patents.google.com/patent/CN111935370A/en"")",0,,"CN104469168A,CN106937028A,CN109756654A,CN109031329A"
37,CN209388022U,Autozoom telephoto lens,吴琪|金兑映,Liaoning Zhonglan Photoelectric Technology Co Ltd,342,2019-09-13,2019-09-13,2019-03-26,Active,tlens|10,"glass lens|3,postposition camera lens|1,autozoom telephoto lens|21",,,"telephoto|36,digital zoom|4,mobile phone cameras|1,telescope|2,telephoto lens|35","=HYPERLINK(""https://patents.google.com/patent/CN209388022U/en"")",0,,
40,CN209167649U,The high pixel micromirrors head of autozoom,宋亮|金兑映,Liaoning Zhonglan Photoelectric Technology Co Ltd,309,2019-07-26,2019-07-26,2018-12-06,Active,tlens|18,plastic lens|13,polymer|2,,,"=HYPERLINK(""https://patents.google.com/patent/CN209167649U/en"")",0,US11125979B2,
41,CN109451237A,A kind of focusing AA method and apparatus of camera module,高艳朋,Truly Opto-electronics Ltd,368,2019-03-08,2020-11-03,2018-11-13,Active,tlens|27,"adjustable lens|22,polymeric lens|1",polymer|6,voice coil motor|2,camera module|104,"=HYPERLINK(""https://patents.google.com/patent/CN109451237A/en"")",0,"CN110708447A,CN110730309A,CN111263034A,CN111711813A,CN111726527A,CN111855156A","CN2290060Y,CN102662293A,CN204993615U,US20170251925A1,CN106791425A,CN107295253A,CN108259715A"
46,CN113534409A,"Zoom optical system, image capturing module and electronic equipment",刘彬彬|邹海荣|李明,Jiangxi Jingchao Optical Co Ltd,240,2021-10-22,2022-05-13,2021-06-30,Active,tlens|2,"glass lens|1,cemented lens|5,liquid lens|1","polymer|1,temperature resistance|1,effective focal length|30",,"autofocus|2,auto focus|2,miniaturized design|7","=HYPERLINK(""https://patents.google.com/patent/CN113534409A/en"")",0,,"JPH1130744A,JP2000231009A,JP2006126739A,CN1959444A,US20080267603A1,US20100321788A1,KR20110067548A,US20120013990A1,CN205318000U,CN111656765A,CN112241059A,US20210048629A1,CN112526707A,CN112505809A"
47,CN113568127A,"Camera module, assembling method thereof and electronic equipment",李巍|吴军|龚美茹,Jiangxi Jingchao Optical Co Ltd,239,2021-10-29,,2021-09-24,Pending,T-lens|1,"adjustable lens|117,tunable lens|24",laser direct structuring|7,cavity|2,camera module|111,"=HYPERLINK(""https://patents.google.com/patent/CN113568127A/en"")",0,,"TW201144888A,CN202660334U,WO2015005712A1,CN110431834A,CN111656276A,CN108322632A,CN208207475U,CN110275262A,CN109905580A,CN213754658U"
51,CN113687371A,"Light emission module, depth camera and terminal",刘海亮,Oppo,479,2021-11-23,,2021-08-09,Pending,T-lens|4,"adjustable lens|67,refractive lens|3,micro lens|9,plane phase lens|3,fresnel lens|5,phase-type lens|2,phase lens|11,liquid lens|4,tunable lens|33,tunable microlens|1","t-lens module|4,optical film layer|2","chamber|6,VCM |1","depth camera|20,depth information|4,TOF|5","=HYPERLINK(""https://patents.google.com/patent/CN113687371A/en"")",0,,
54,CN215529114U,LDS lens base applied to camera module,高华春|胡德超|邓乾志,Kunshan Northtar Electronic Technology Co Ltd,552,2022-01-14,2022-01-14,2021-07-06,Active,"tlens|2,Tlens module|2",lds lens|10,"laser direct structuring|1,LDS|16",,camera module|15,"=HYPERLINK(""https://patents.google.com/patent/CN215529114U/en"")",0,,
55,CN215529115U,LDS (laser direct structuring) integrated lens applied to camera module,高华春|胡德超|刘婉婷,Kunshan Northtar Electronic Technology Co Ltd,729,2022-01-14,2022-01-14,2021-07-08,Active,"tlens|9,Tlens module|9","focusing lens|2,plastic lens|3,non-integral lens|1,integral lens|3,single lens|4","lens body|23,laser direct structuring|7,LDS|9",,camera module|15,"=HYPERLINK(""https://patents.google.com/patent/CN215529115U/en"")",0,,
57,CN113933964A,"Optical lens, camera module and electronic equipment",张文燕|邹金华|李明,Jiangxi Jingchao Optical Co Ltd,447,2022-01-14,,2021-10-13,Pending,T-lens|4,"adjustable lens|1,aspheric surface lens|1,aspheric lens|9","effective focal length|27,t-lens module|1,focusing layer|152,piezoelectric actuator|3,EFL|49",,"auto focus|1,camera module|24,depth of field|5,miniaturized design|3,depth information|1","=HYPERLINK(""https://patents.google.com/patent/CN113933964A/en"")",0,,
58,WO2022028248A1,Camera module and terminal device,戎琦|袁栋立|陈钧|尹跃广|王宇翔|沈倩倩,Sunny Optical,633,2022-02-10,,2020-08-04,,tlens|15,"adjustable lens|94,adjustment lens|1,liquid crystal lens|3,liquid lens|4,tlens lens|12","polymer|2,piezoelectric actuators|1,piezoelectric film|10,squeezed|5,lens body|14","closed capsule|1,voice coil motor|3,liquid crystal|4","camera module|78,selfies|1","=HYPERLINK(""https://patents.google.com/patent/WO2022028248A1/en"")",0,,"US20100176319A1,US20120092543A1,CN204065445U,CN109167909A,CN109451225A,CN210442561U,CN111447350A"
59,CN215833686U,"Multifold periscopic zoom lens, module and mobile terminal",齐书|杨双|王军成|邓小光|卢江|晏政波|苏黎东|陈国狮,Chongqing Ts Precision Technology Co Ltd,605,2022-02-15,2022-02-15,2021-09-30,Active,"tlens|18,Tlens module|18","aspherical lens|14,aspheric lens|21",piezoelectric film|1,,"camera module|1,telephoto|14,mobile phones|1,periscopic zoom lens|8,telephoto lens|12","=HYPERLINK(""https://patents.google.com/patent/CN215833686U/en"")",0,,
80,CN114647133A,"Lens, camera module comprising same and assembling method",周凯伦|袁栋立|陈钧|魏罕钢|马小猛|鲁可丹,Sunny Optical,377,2022-06-21,,2020-12-17,Pending,T-lens|8,"convex lens|1,focal lens|1,glass lens|3,liquid lens|1","polymer|2,t-lens module|1,piezoelectric film|1,laser direct structuring|2,LDS|29","voice coil motor|1,cavity|15","camera module|37,medical treatment|1","=HYPERLINK(""https://patents.google.com/patent/CN114647133A/en"")",0,,
97,CN217655358U,Automatic zoom lens assembly and electronic equipment,林肖怡|陈天谋|袁嘉华,Guangdong Xuye Optoelectronics Technology Co Ltd,603,2022-10-25,2022-10-25,,Active,"tlens|20,Tlens module|4",focusing lens|1,,,,"=HYPERLINK(""https://patents.google.com/patent/CN217655358U/en"")",0,,
108,CN115877539A,Camera module and electronic equipment,陈凯|黄桢|袁栋立|姜贺|许晨祥,Sunny Optical,608,2023-03-31,,2021-09-29,Pending,"T-LENS|2,T-lens|12",liquid lens|107,"polymer|9,piezoelectric element|1,laser direct structuring|1,piezoelectric actuator|1,LDS|7","flexible membrane|1,cavity|3","auto focus|3,camera module|36,(OIS)|2,OIS|10","=HYPERLINK(""https://patents.google.com/patent/CN115877539A/en"")",0,,
109,US2023128303A1,Compact Robotic Endoscope,Xiaolong Ouyang,Micronvision Corp,506,2023-04-27,,2023-02-06,Pending,"tlens|1,TLens®|2,TLens|1,T Lens|1","focusing lens|1,liquid lens|1",,"voice coil motor|2,VCM |4","autofocus|6,auto focus|6,camera module|1,telescope|1,endoscopy|2","=HYPERLINK(""https://patents.google.com/patent/US2023128303A1/en"")",0,,
111,CN116184628A,Optical system and virtual reality device,薛同历|巩虎伟|朱能胜|张梓轩,Huaqin Technology Co Ltd,241,2023-05-30,,2022-12-30,Pending,"t lens|1,(T lens)|1","adjustable lens|15,aspheric lens|2",,,"camera module|1,VR|2","=HYPERLINK(""https://patents.google.com/patent/CN116184628A/en"")",0,,
118,CN219629572U,Small robot endoscope and small robot endoscope set,欧阳小龙,Meguiar Vision Co,306,2023-09-05,2023-09-05,,Active,"tlens|1,TLens|1,T Lens|1","focusing lens|1,liquid lens|1",,voice coil motor|4,"autofocus|3,auto focus|6,camera module|1","=HYPERLINK(""https://patents.google.com/patent/CN219629572U/en"")",0,,
122,CN116761067A,Automatic focusing camera shooting module convenient to assemble,李晖|许杨柳|邓爱国,Kunshan Q Technology Co Ltd,768,2023-09-15,,2023-05-12,Pending,"T Lens|72,T-lens|11",liquid lens|3,"polymer|13,t-lens module|73,piezoelectric film|7",,"auto focus|4,camera module|43,miniaturized design|4","=HYPERLINK(""https://patents.google.com/patent/CN116761067A/en"")",0,,
123,CN109413307A,A kind of camera module and terminal,李显贤,Nubia Technology Co Ltd,548,2019-03-01,,2018-09-29,Pending,"tlens|2,t lens|71","adjustable lens|89,plastic lens|2,glass lens|2,tunable lens|1",,"voice coil motor|1,VCM |6","camera module|34,navigation|1,PDA|1","=HYPERLINK(""https://patents.google.com/patent/CN109413307A/en"")",0,,"CN2706779Y,CN1790150A,CN1847911A,CN2829243Y,CN105338227A,CN107450148A,CN207926732U,CN110365890A"
151,CN109348129A,A kind of the clarity detection method and system of cameras with fixed focus,高艳朋|陈小慈,Truly Opto-electronics Ltd,668,2019-02-15,2020-11-03,2018-11-13,Active,"tlens|27,Tlens module|15","adjustable lens|22,polymeric lens|1",polymer|6,,,"=HYPERLINK(""https://patents.google.com/patent/CN109348129A/en"")",0,"CN111220362A,CN111726527A,CN113315909A,CN113532274A","CN1912663A,CN102455568A,CN202631827U,US9235049B1,CN106534659A,US20170251925A1,CN106773458A,CN107222683A,CN107806984A"
245,KR20200018699A,Adaptive lens,피에르 크랭|블라디미르 카타쇼브|니콜라스 탈라론,Polight ASA,703,2020-02-19,,2018-06-28,,"polight|2,poLight|2,T-lens|1","adjustable lens|4,focusing lens|2,focus lens|1,non-fluid lens|3,polymer lens|1,tunable lens|2,variable focus lens|1,adaptive lens|1","polymer|12,curved substrate|1,pzt film|3,piezoelectric actuators|1,piezoelectric film|3,lens body|46,piezoelectric actuator|1,EFL|2","flexible membrane|5,voice coil motor|3,cavity|11","depth of field|1,mobile phones|4,microscopes|1,mobile phone cameras|1,AR|2","=HYPERLINK(""https://patents.google.com/patent/KR20200018699A/en"")",0,"CN110266838A,WO2021023815A1,CN110908021B,CN110954978B,DE102020113832A1,CN111580278A,WO2021259911A1",
255,CN109905580A,Camera module and its assemble method,金元斌|许杨柳|邓爱国|颜欢欢,Kunshan Q Technology Co Ltd,246,2019-06-18,,2019-03-01,Pending,"t lens|1,T Lens|1",adjustable lens|71,lens body|6,chamber|1,"camera module|47,imaging device|1","=HYPERLINK(""https://patents.google.com/patent/CN109905580A/en"")",0,CN113568127A,"KR20120086912A,CN108322632A,CN108259724A,CN207926732U"
268,US2020204740A1,A module with a plurality of cameras for integration in a mobile device,Nicolas Tallaron|Manu Hakola|Pierre Craen,Polight ASA,377,2020-06-25,,2018-06-28,Pending,polight|1,"focus lens|2,deformable lens|27,flexible lens|4,focal lens|2,tunable lens|31","polymer|13,transparent layer|15,curved substrate|2,aspheric shape|2,thin, flexible glass surface|2,flexible glass surface|3,effective focal length|44,piezoelectric actuators|1,lens body|63,EFL|5,(EFL)|1","oil|3,fixed focus lens|2,voice coil motor|3,VCM |1","auto focus|2,camera module|9,depth of field|1,folding mirror|36,selfies|1,video conferencing|1,telephoto|5,wide-angle image|2,digital zoom|1,time of flight|3,mobile phones|2,telephoto lens|1,(OIS)|3,OIS|8,(DOF)|1,DOF|1,EFL camera|1","=HYPERLINK(""https://patents.google.com/patent/US2020204740A1/en"")",0,"US11108902B2,TW202115476A,US20210199930A1",
271,CN111277742A,"Camera assembly, electronic product and camera assembly manufacturing method",陈刚,Kunshan Q Technology Co Ltd,303,2020-06-12,,2020-03-31,Pending,T-lens|3,focus lens|1,,"fixed focus lens|1,voice coil motor|1,cavity|3","camera module|21,mobile phones|1","=HYPERLINK(""https://patents.google.com/patent/CN111277742A/en"")",0,,
352,WO2019002448A1,Adaptive lens,Pierre Craen|Vladimir Kartashov|Nicolas Tallaron,Polight ASA,587,2019-01-03,,2017-06-30,,"polight|1,poLight|1,T-lens|2","adjustable lens|3,focusing lens|2,non-fluid lens|4,polymer lens|1,tunable lens|2,adaptive lens|2","polymer|14,curved substrate|1,aspheric shape|1,pzt film|3,piezoelectric actuators|2,piezoelectric film|2,lens body|47","oil|1,flexible membrane|5,voice coil motor|2,cavity|7,VCM |1","camera module|1,depth of field|1,mobile phones|3,microscopes|1,mobile phone cameras|1,AR|1","=HYPERLINK(""https://patents.google.com/patent/WO2019002448A1/en"")",0,"WO2021023815A1,EP3913422A1,CN110266838A,CN110908021B,CN110954978B,CN111580278A,WO2021259911A1","DE3712145A1,JPH10144975A,JPH10269599A,JPH11133210A,JP2000081503A,JP2000081504A,JP2001257932A,JP2002243918A,JP2002239769A,WO2008035983A1,WO2010005315A1,US20100208194A1,WO2014147060A1,WO2016009078A1"
360,US2020310006A1,Adaptive lens,Pierre Craen|Vladimir Kartashov|Nicolas Tallaron,Polight ASA,684,2020-10-01,,2018-06-28,Pending,"polight|2,poLight|1,T-lens|2","adjustable lens|3,focusing lens|2,non-fluid lens|4,polymer lens|1,tunable lens|2,adaptive lens|1","polymer|14,curved substrate|1,aspheric shape|1,pzt film|3,piezoelectric actuators|2,piezoelectric film|2,lens body|47","oil|1,flexible membrane|5,voice coil motor|2,cavity|7,VCM |1","camera module|1,depth of field|1,mobile phones|2,microscopes|1,mobile phone cameras|1,AR|1","=HYPERLINK(""https://patents.google.com/patent/US2020310006A1/en"")",0,"CN110266838A,WO2021023815A1,CN110908021B,CN110954978B,DE102020113832A1,CN111580278A,WO2021259911A1",
367,DK202170027A1,PIEZOELECTRICALLY ACTUATED OPTICAL LENS with additional coatings,Henriksen Lars,Polight ASA,993,2021-01-29,,2021-01-21,,"polight|2,TLens®|3,poLight|2","focus lens|1,deformable lens|35,tunable lens|3,tunable microlens|5,tunable optical lens|2","polymer|8,norway|1,piezoelectric actuators|151,lens body|55,piezoelectric actuator|8",oil|2,"auto focus|3,camera module|1,mobile phones|2,digital camera|1,(OIS)|1,OIS|1","=HYPERLINK(""https://patents.google.com/patent/DK202170027A1/en"")",0,,
389,US2022107491A1,Borescopes with active optical lenses and related methods,"Lane G. Brooks|Richard A. Dixon|Dennis James Muhlestein|Anthony J. Laurienti, Iv",Xenocor Inc,453,2022-04-07,,2021-09-30,Pending,"polight|1,TLens®|1,Polight |1","focus lens|29,transparent lens|2,tunable lens|2,tunable microlens|1,variable focus lens|17","polymer|3,piezoelectric actuator|7",fixed focus lens|7,"autofocus|2,auto focus|2,camera module|2,endoscopy|1,surgery|1,borescopes |7,borescope|42","=HYPERLINK(""https://patents.google.com/patent/US2022107491A1/en"")",0,,
390,CN216310371U,Lens structure,郑航鹏|曾昊杰,Jiangxi Lianyi Optics,560,2022-04-15,2022-04-15,2021-07-08,Active,"tlens|25,TLENS|25",plastic lens|1,LDS|3,,auto focus|1,"=HYPERLINK(""https://patents.google.com/patent/CN216310371U/en"")",0,,
392,CN114077028A,Vertical zoom module and corresponding shooting method,戎琦|袁栋立|徐童伟|陈钧|黄乾友,Sunny Optical,1300,2022-02-22,,2020-08-21,Pending,"polight|1,T Lens|3,Polight |1,(T-lenses)|1,T-LENS|2,T-lens|27","adjustable-focus lens|7,focusing lens|10,focus lens|9,molded lens|2,liquid lens|13,polymer lens|1,varifocal lens|1,variable focus lens|2,polymer variable focus lens|1","polymer|10,effective focal length|3,EFL|2,LDS|2",voice coil motor|1,"camera module|10,depth of field|1,telephoto|7,mobile phones|1,medical treatment|1,scientific research|1,microscopes|1,mobile phone cameras|1,video cameras|1,telephoto lens|3,OIS|7","=HYPERLINK(""https://patents.google.com/patent/CN114077028A/en"")",0,,
393,CN114125244A,"Camera module, implementation method and mobile device",魏金平|林喆|顾来兵|鲁旭升|陈桂鸿,Citaq,801,2022-03-01,,2021-12-03,Pending,"tlens|4,TLENS|4,T-LENS|22","convex lens|5,tlens lens|4,t-lens lens|4",,VCM |5,"camera module|58,depth of field|26,depth information|8","=HYPERLINK(""https://patents.google.com/patent/CN114125244A/en"")",0,,
398,CN113810580A,Periscopic camera module capable of shooting at micro distance and electronic equipment,方兆生,Dongguan Huabei Electronic Technology Co Ltd,363,2021-12-17,,2021-09-16,Pending,tlens|28,focusing lens|2,piezoelectric film|7,voice coil motor|7,camera module|30,"=HYPERLINK(""https://patents.google.com/patent/CN113810580A/en"")",0,,
421,CN115150553A,"Focusing method and device, electronic equipment and storage medium",于盼,Oppo,295,2022-10-04,,2022-06-27,Pending,"tlens|1,TLens|1","adjustable lens|86,tunable lens|3","polymer|1,effective focal length|1",,mobile phones|2,"=HYPERLINK(""https://patents.google.com/patent/CN115150553A/en"")",0,,
431,CN216217155U,Zoom camera device,陈泽清|张昊|张伟|黄元良,Shengtai Photoelectric Technology Co Ltd,239,2022-04-05,2022-04-05,2021-10-28,Active,"tlens|1,TLens|1,T Lens|1",liquid lens|1,,"cavity|3,liquid crystal|32,VCM |1,SMA|1",camera module|4,"=HYPERLINK(""https://patents.google.com/patent/CN216217155U/en"")",0,,
432,CN216210232U,TLENS lens structure,付磊磊|毛辰杰|齐禹|陈奇|戴付建|赵烈烽,Sunny Optical,1041,2022-04-05,2022-04-05,2021-10-26,Active,"tlens|102,TLENS|91,Tlens module|11",tlens lens|34,"laser direct structuring|4,LDS|5",,,"=HYPERLINK(""https://patents.google.com/patent/CN216210232U/en"")",0,,
435,CN216531501U,Automatic focusing camera module and terminal,杨生武,Truly Opto-electronics Ltd,953,2022-05-13,2022-05-13,2021-12-17,Active,"tlens|49,TLens|49,T Lens|46",adjustable lens|1,"polymer|5,piezoelectric film|2,laser direct structuring|2,LDS|4",,"auto focus|2,camera module|24","=HYPERLINK(""https://patents.google.com/patent/CN216531501U/en"")",0,,
468,EP3791226A1,Variable attenuation of an illumination source,Joshua Owen Miller,Microsoft Technology Licensing Llc,368,2021-03-17,,2019-04-27,Pending,"polight|1,TLens®|1,poLight|1","convex lens|1,plano-concave|1,liquid lens|1,tunable lc lens|1,tunable lens|102","polymer|3,polymer cushion|2,translucent glass support|1,piezo elements|5,spherically deform|1,thin glass membrane|1","liquid crystals|5,ring electrodes|2,electrical modulation|1,floating electrodes|6,edge conductors|1,electrowetting|2,chamber|6,oil|1,aqueous solution|2,lens chamber|1,flexible membrane|2,liquid crystal|3,LC|10","mobile phones|1,automobiles|1,HMD|31,PDA|1","=HYPERLINK(""https://patents.google.com/patent/EP3791226A1/en"")",0,"CN107861247B,US10983349B2",
520,WO2021072668A1,"Optical system, camera module and terminal device",蔡雄宇|许哲源|黎康熙|谈智伟,Ofilm Group Co Ltd,350,2021-04-22,,2019-10-16,,"tlens|4,TLENS|4","plastic lens|4,glass lens|1","temperature resistance|1,effective focal length|7",voice coil motor|1,"camera module|37,telephoto|9,miniaturized design|4,mobile phone cameras|2,PDA|1","=HYPERLINK(""https://patents.google.com/patent/WO2021072668A1/en"")",0,,"US20070229983A1,US20160313538A1,CN106526791A,CN107797241A,CN107797247A,CN108627955A"
591,EP4270908A1,"Electronic device, and control method and control device thereof",Xianhe Du|Wei Ye|Mingjian Liu|Fen Wang,Vivo Mobile Communication Co Ltd,294,2023-11-01,,,Pending,T-lens|5,tunable lens|2,,"cavity|2,liquid crystal|1",camera module|56,"=HYPERLINK(""https://patents.google.com/patent/EP4270908A1/en"")",0,"CN112887534B,CN112714209B,CN113931925B",
595,US11775783B1,Compact opto-mechanical layout of long-range dual-camera bar-code imager,Vladimir Gurevich|Alexander J. Naney|Carl D. Wittenberg|Michael A. Mottola|Igor Vinogradov|David Tsi Shi|Chinh Tan,Zebra Technologies Corp,213,2023-10-03,2023-10-03,2022-10-31,Active,T-lens|2,"deformable lens|1,glass lens|2,liquid lens|2",effective focal length|2,"voice coil motor|3,cavity|27","autofocus|4,auto focus|4","=HYPERLINK(""https://patents.google.com/patent/US11775783B1/en"")",0,,US20190294838A1
605,CN115793183A,Internal focusing lens and camera module,郭美杉|田中武彦|刘佳|朱师倍,Sunny Optical,452,2023-03-14,,2021-09-09,Pending,"tlens|4,TLENS|4","focusing lens|79,focus lens|129,aspheric lens|1,liquid lens|3,tlens lens|2",,,"camera module|29,telephoto|1,mobile phones|1,telephoto lens|1","=HYPERLINK(""https://patents.google.com/patent/CN115793183A/en"")",0,,
606,WO2023016078A1,"Light emission module, depth camera, and terminal",刘海亮,Oppo,552,2023-02-16,,,,T-lens|6,"adjustable lens|113,adjustment lens|1,fresnel lens|5,phase-type lens|1,phase lens|18,liquid lens|6,tunable lens|17,tunable microlens|1","t-lens module|5,optical film layer|11","chamber|10,cavity|2,VCM |1","depth camera|23,depth information|4,TOF|5","=HYPERLINK(""https://patents.google.com/patent/WO2023016078A1/en"")",0,CN113687371A,"EP3789787A1,CN111580282A,CN111694161A,CN113113836A,CN113687371A"
620,US11448849B2,Optical element with stress distributing supporting structure,Lars Henriksen|Vladimir Kartashov|Janne Tapani Kilpinen,Polight ASA,894,2021-07-29,2022-09-20,2019-05-24,Active,"tlens|2,polight|1,TLens®|1,TLens|2,poLight|1","deformable lens|4,refractive lens|2,micro lens|7,transparent lens|15,non-fluid lens|3,polymer lens|2,tunable lens|1","polymer|20,norway|1,pzt film|1,piezoelectric actuators|12,lens body|47,piezoelectric actuator|2","oil|2,cavity|10","auto focus|3,camera module|1,mobile phones|3,digital camera|1,(OIS)|1,OIS|1","=HYPERLINK(""https://patents.google.com/patent/US11448849B2/en"")",0,"DE102019112224A1,CN113192994A","WO2008035983A1,WO2008100154A1,US20100165475A1,WO2016009078A1"
627,WO2022157730A1,Slim pop-out wide camera lenses,Roy Rudnick|Nadav Goulinski|Gal Shabtay|Ephraim Goldenberg,Corephotonics Ltd.,619,2022-07-28,,2021-01-25,,"tlens|2,TLens|2,T Lens|2",single lens|4,"effective focal length|3,EFL|14,(EFL)|1",,"camera module|1,digital camera|2,(OIS)|1,OIS|3","=HYPERLINK(""https://patents.google.com/patent/WO2022157730A1/en"")",0,,"US20150253647A1,US20190107651A1,WO2020174325A2"
633,CN216649816U,Take automatic focusing camera module of Tlens,杨生武,Truly Opto-electronics Ltd,458,2022-05-31,2022-05-31,2022-01-14,Active,tlens|13,"adjustable lens|1,adjustable-focus lens|9,focusing lens|43,focus lens|14","polymer|1,laser direct structuring|2,LDS|5","voice coil motor|2,VCM |1","autofocus|1,auto focus|3,camera module|16","=HYPERLINK(""https://patents.google.com/patent/CN216649816U/en"")",0,,
647,CN215178520U,Wavefront measuring equipment,张健|国成立|谢桂华|戴付建|赵烈烽,Sunny Optical,425,2021-12-14,2021-12-14,2021-05-08,Active,tlens|21,"focus lens|1,convex lens|1,tlens lens|12,variable focus lens|1,variable-focus optical lens|1",polymer|4,,,"=HYPERLINK(""https://patents.google.com/patent/CN215178520U/en"")",0,,
650,CN218824934U,Endoscopic lens and endoscope,李艳萍|蔡刚强,Sunny Optical,289,2023-04-07,2023-04-07,2022-12-29,Active,T Lens|3,"focus lens|1,plano-concave|10,liquid crystal lens|1,cemented lens|24,variable focus lens|1","effective focal length|9,EFL|1","voice coil motor|2,liquid crystal|1",depth of field|10,"=HYPERLINK(""https://patents.google.com/patent/CN218824934U/en"")",0,,
681,CN114527553B,"Optical lens, camera module and electronic equipment",张文燕|李明,Jiangxi Jingchao Optical Co Ltd,346,2022-05-24,2023-07-04,2022-01-27,Active,T-lens|3,"adjustable lens|1,aspherical lens|2,aspheric lens|6","effective focal length|2,t-lens module|1,focusing layer|4,piezoelectric actuator|3,EFL|7",,"camera module|17,depth of field|2,telephoto|2,miniaturized design|2,depth information|2","=HYPERLINK(""https://patents.google.com/patent/CN114527553B/en"")",0,,
695,CN114815127A,Camera module and terminal,许运生|李鸿|揭应平,Shenzhen Transsion Holdings Co Ltd,291,2022-07-29,,2022-03-16,Pending,T-lens|6,"refractive lens|4,liquid lens|50",,"electrowetting|9,voice coil motor|1,cavity|3,liquid crystal|4","camera module|93,telephoto|1,navigation|1,PDA|1","=HYPERLINK(""https://patents.google.com/patent/CN114815127A/en"")",0,,
697,CN111953895B,Focusable imaging device,曾正德,Luxvisions Innovation Ltd,292,2020-11-17,2022-07-05,2020-01-10,Active,"t lens|1,T Lens|2","anti-shake optical lens|7,liquid crystal lens|2,liquid lens|6",,"voice coil motor|3,hydrophobic liquid lens|1,liquid crystal|1,SMA|1","auto focus|4,telephoto|4,mobile phones|1,imaging device|31,periscope |1,(OIS)|2,OIS|10","=HYPERLINK(""https://patents.google.com/patent/CN111953895B/en"")",0,,"US6987529B1,CN1512244A,JP2005331694A,CN101866058A,US9164269B1,CN105549327A,CN106019560A,CN208969313U"
958,JP2020510245A,Low wavefront error piezoelectrically driven optical element,ウラジーミル カルタショフ，|ウラジーミル カルタショフ，|ピエール クレイン，|ピエール クレイン，,Polight ASA,508,2020-04-02,,2018-02-27,Pending,"polight|1,TLens®|1,poLight|1","autofocus lens|1,deformable lens|4,refractive lens|2,micro lens|2,transparent lens|15","polymer|13,norway|1,piezoelectric actuators|62,piezoelectric film|1,lens body|24,piezoelectric actuator|18","oil|1,cavity|3","autofocus|3,auto focus|3,camera module|1,mobile phones|2,digital camera|1,(OIS)|1,OIS|1","=HYPERLINK(""https://patents.google.com/patent/JP2020510245A/en"")",1,WO2021140160A1,
1473,US20170160441A1,Autofocus lens system,H. Sprague Ackley|Alain Gillet,Hand Held Products Inc,422,2017-06-08,2018-09-11,2017-02-23,Active,"polight|1,poLight|1","adjustable lens|1,adjustable-surface lens|17,auto-focus lens|1,focusing-module lens|28,autofocus lens|37,mechanical autofocus lens|3","polymer|6,thin glass membrane|1,piezoelectric film|8",,"autofocus|59,auto focus|59,depth of field|2,imaging device|1","=HYPERLINK(""https://patents.google.com/patent/US20170160441A1/en"")",1,"US10222514B2,US9779546B2,US10007858B2,US20140104413A1,CN103780847A,US8918250B2,US9930142B2,US10228452B2,US9104929B2,US9572901B2,US8870074B1,US9373018B2,US9665757B2,US9412242B2,US9478113B2,US9823059B2,US10775165B2,US9779276B2,US10810715B2,US9443222B2,US10909490B2,US9752864B2,US9897434B2,US10438409B2,US10509619B2,US10176521B2,US9743731B2,US9761096B2,US10317474B2,US10275088B2,US9678536B2,US10296259B2,US9727769B2,US10049246B2,US10191514B2,US10635876B2,US9679178B2,US10552786B2,US9774940B2,US10621538B2,US11244264B2,US20160189270A1,US9843660B2,US10152622B2,US9230140B1,US9830488B2,US9898635B2,US9685049B2,US11257143B2,US10108832B2,US9879823B2,US9811650B2,CN204706037U,US9734639B2,US10049290B2,US10402038B2,US10061565B2,US10262660B2,US11081087B2,US9997935B2,US10120657B2,US9390596B1,CN204795622U,US9852102B2,US9693038B2,US20160314294A1,US9954871B2,US9978088B2,US9786101B2,USD771631S1,US9507974B1,US10354449B2,US9892876B2,US9949005B2,US20160377414A1,US9835486B2,EP3118576B1,US10094650B2,US10467513B2,US9911023B2,US10410629B2,US9781681B2,CN206006056U,US9490540B1,US9659198B2,US9652648B2,CN205091752U,US9646191B2,US10373143B2,US9767337B2,US10312483B2,US9844956B2,US9656487B2,US10146194B2,US9727083B2,US9876923B2,US9684809B2,US10249030B2,US10397388B2,US10129414B2,US10026377B2,US9680282B2,US10192194B2,US10225544B2,US9864891B2,US9697401B2,US10282526B2,US10064005B2,US9935946B2,CN106899713B,US9729744B2,US10325436B2,US9727840B2,US9805343B2,US10026187B2,US10859667B2,US9945777B2,US10235547B2,US10025314B2,CN205880874U,US9990784B2,US9674430B1,US11125885B2,US10394316B2,US10055625B2,US10185906B2,US9727841B1,US10183500B2,US10339352B2,US9940721B2,US10306051B2,US10163216B2,US9990524B2,US9955099B2,US9876957B2,US9864887B1,US10085101B2,US9662900B1,CN107622218A,CN107622217A,US10896403B2,US10714121B2,US9902175B1,US9919547B2,US11157869B2,US10640325B2,US9940497B2,US10372954B2,US10685665B2,US10384462B2,US10158834B2,US10286694B2,US10042593B2,US9805257B1,US10484847B2,US9946962B2,US9881194B1,US9701140B1,US10375473B2,US9931867B1,US9785814B1,US10181321B2,US9936278B1,US9892356B1,US10114997B2,US10146975B2,US10022993B2,US10395081B2,CN108616148A,US10909708B2,US10740855B2,US10163044B2,US10044880B2,US10304174B2,US10237421B2,CN108256367A,CN108259702B,US9827796B1,US10652403B2,US10468015B2,CN108304741A,US11042834B2,US10263443B2,US9802427B1,US9849691B1,US10350905B2,CN108363932A,US10158612B2,US10984374B2,US10252874B2,US9908351B1,JP2020510245A,US10737911B2,US10195880B2,US10105963B2,CN108537077A,US11047672B2,US10780721B2,US10798316B2,US10223626B2,US9937735B1,US10463140B2,US10810541B2,US10549561B2,CN108859447B,US10438098B2,US10523038B2,US10732226B2,US10592536B2,US9984366B1,US10035367B1,US10710386B2,US10977594B2,US10644944B2,JP2020525821A,US10778690B2,US10127423B1,US10216969B2,US10264165B2,US10867141B2,US10956033B2,US10733748B2,CN109308430A,US10255469B2,US10650631B2,US10099485B1,US10373032B2,CN109388981A,CN109390994A,CN109424871A,US10399359B2,US10372389B2,US10756900B2,US10621470B2,US10245861B1,US10728445B2,US10884059B2,US10654287B2,US10084556B1,US10399369B2,US10293624B2,US10679101B2,US10210364B1,US10427424B2,US10181896B1,US10369823B2,US10369804B2,US10399361B2,US10654697B2,US10232628B1,US10703112B2,US10756563B2,US10323929B1,US10773537B2,US10834283B2,US10795618B2,US10803264B2,US10546160B2,US10731963B2,US10897150B2,US10809949B2,US10584962B2,US10434800B1,CN109167909B,CN109327580A,US20220066126A1,US20220124253A1","US9224022B2,US9581809B2"
1642,WO2018154139A1,Low wavefront error piezoelectrically actuated optical element,Vladimir Kartashov|Pierre Craen,Polight ASA,524,2018-08-30,,2017-02-27,,"polight|1,TLens®|1,poLight|1","deformable lens|6,refractive lens|2,transparent lens|13,tunable microlens|2","polymer|11,norway|1,piezoelectric actuators|66,lens body|26,piezoelectric actuator|16","oil|1,cavity|3","auto focus|3,camera module|1,mobile phones|3,digital camera|1,(OIS)|1,OIS|1","=HYPERLINK(""https://patents.google.com/patent/WO2018154139A1/en"")",1,WO2021140160A1,"WO2008035983A1,WO2008100154A1,US20100182703A1,US20140104696A1,US20120104898A1,WO2014048818A1,EP2940505A1,WO2016009078A1,WO2016009079A1"
1643,JP2020525821A,Adaptive lens,クレイン、ピエール|カルタショフ，ウラジミール|タラロン、ニコラ,Polight ASA,415,2020-08-27,,2018-06-28,Pending,"t lens|1,T-lens|1","adjustable lens|3,focusing lens|2,focus lens|1,non-fluid lens|3,polymer lens|1,tunable lens|2,variable focus lens|1","polymer|14,curved substrate|1,pzt film|3,piezoelectric film|5,lens body|45,piezoelectric actuator|3","chamber|1,flexible membrane|3,voice coil motor|2,cavity|7,VCM |1","depth of field|1,mobile phones|2,mobile phone cameras|2,telescope|1,AR|1","=HYPERLINK(""https://patents.google.com/patent/JP2020525821A/en"")",1,"CN110266838A,WO2021023815A1,CN110908021B,CN110954978B,DE102020113832A1,CN111580278A,WO2021259911A1",
1740,US20170160442A1,Tunable microlens with a variable structure element,John Phair|Thomas Spatscheck|Vladimir Kartashov,Polight ASA,345,2017-06-08,2019-11-12,2015-07-17,Active,polight|1,"focus lens|1,deformable lens|24,micro lens|2,polymer lens|2,tunable lens|1,tunable microlens|14","polymer|8,piezoelectric element|5,piezoelectric actuators|7,lens body|27,piezoelectric actuator|10","oil|1,cavity|1","auto focus|3,camera module|2,mobile phones|2,digital camera|1","=HYPERLINK(""https://patents.google.com/patent/US20170160442A1/en"")",1,"US20170075042A1,US11125979B2,US11366294B2,WO2022207643A1,US7017775B2,ITUB20159497A1,EP3586175A1,WO2019002448A1,KR20210013176A,CN110132502B,RU2746857C1","US20120170134A1,CN103558654A"
2082,WO2019002565A1,A transparent optical device element comprising means for selectively transmitting electromagnetic radiation,Lars Henriksen|Nicolas Tallaron|Pierre Craen,Polight ASA,1091,2019-01-03,,2017-06-30,,"polight|7,constant field of view|1,TLens®|5,Polight |7","deformable lens|24,flexible lens|1,non-fluid lens|1,polymer lens|1","polymer|32,curved substrate|2,aspheric shape|2,thin, flexible glass surface|1,flexible glass surface|1,piezoelectric actuators|1,lens body|66","oil|9,voice coil motor|1,VCM |4","autofocus|2,auto focus|4,camera module|1,mobile phones|1","=HYPERLINK(""https://patents.google.com/patent/WO2019002565A1/en"")",1,,"WO2008035983A1,WO2008150817A1,US20130293772A1,EP2781939A1"
2088,JP2021524936A,Optical element with stress distribution support structure,ヘンリクセン、ラース|カルタショフ，ウラジミール|タパニ キルピネン、ジャン|タパニ キルピネン、ジャン,Polight ASA,924,2021-09-16,,2019-05-24,Pending,"tlens|2,TLens®|1,TLens|2,T Lens|2","adjustable lens|2,deformable lens|3,transparent lens|15,non-fluid lens|3,polymer lens|2","polymer|27,pzt film|2,piezoelectric actuators|7,piezoelectric film|2,lens body|47,piezoelectric actuator|7","oil|2,cavity|10","autofocus|3,auto focus|3,camera module|1,mobile phones|4,digital camera|1,(OIS)|1,OIS|1","=HYPERLINK(""https://patents.google.com/patent/JP2021524936A/en"")",1,,
3132,CN110418984A,The low piezoelectric actuated optical element of wavefront error,弗拉基米尔·卡尔塔晓夫|皮埃尔·克雷恩,Polight ASA,397,2019-11-05,2021-11-30,2018-02-27,Active,"polight|1,poLight|1","deformable lens|5,flexible lens|1,transparent lens|12","polymer|11,piezoelectric actuators|45,piezoelectric film|1,lens body|17,piezoelectric actuator|15",oil|2,"camera module|1,digital camera|1,(OIS)|1,OIS|1","=HYPERLINK(""https://patents.google.com/patent/CN110418984A/en"")",2,WO2021140160A1,"US20100208357A1,CN101517453A,US20100182703A1,US20140104696A1,US20120104898A1,WO2013120800A1,EP2713196A1,US20150310243A1,WO2016009079A1"
3180,WO2016009079A1,Piezoelectrically actuated optical lens,Pierre Craen|John Phair|Nicolas Tallaron,Polight ASA,985,2016-01-21,,2014-07-18,,"polight|2,TLens®|3,poLight|2","focus lens|1,deformable lens|27,tunable lens|3,tunable microlens|5,tunable optical lens|2","polymer|6,norway|1,piezoelectric actuators|123,lens body|45,piezoelectric actuator|8",oil|1,"auto focus|3,camera module|1,mobile phones|2,digital camera|1,(OIS)|1,OIS|1","=HYPERLINK(""https://patents.google.com/patent/WO2016009079A1/en"")",2,"WO2018154139A1,US7017775B2,ES2561756T3,JP2020525821A,JP2021524936A,CN110132502B,TWI704389B,RU2746857C1","US20110038028A1,US20120170134A1,US20140104696A1"
3228,US20170075042A1,Transparent optical device element,Lars Henriksen,Polight ASA,280,2017-03-16,2019-05-14,2016-10-14,Active,polight|1,"adjustable lens|10,deformable lens|46,flexible lens|1,polymer lens|1,adaptive lens|1","polymer|98,thin, flexible glass surface|1,flexible glass surface|3,lens body|90","oil|51,cavity|4","autofocus|8,auto focus|9,camera module|1,mobile phones|2,digital camera|1","=HYPERLINK(""https://patents.google.com/patent/US20170075042A1/en"")",2,"US10064545B2,WO2016003367A1,CN106687830B,WO2016118423A1,GB2542638A,US10838116B2,JP2018021981A,WO2019002448A1,US20200204740A1,WO2019002565A1,CA185871S,EP3709079B1,WO2020262430A1,TWI701474B,TWI704389B","US20170160442A1,US10001629B2"
3232,EP3586175A1,Low wavefront error piezoelectrically actuated optical element,Vladimir Kartashov|Pierre Craen,Polight ASA,524,2020-01-01,,2018-02-27,Pending,"polight|1,TLens®|1,poLight|1","deformable lens|6,refractive lens|2,transparent lens|13,tunable microlens|2","polymer|11,norway|1,piezoelectric actuators|66,lens body|26,piezoelectric actuator|16","oil|1,cavity|3","auto focus|3,camera module|1,mobile phones|3,digital camera|1,(OIS)|1,OIS|1","=HYPERLINK(""https://patents.google.com/patent/EP3586175A1/en"")",2,CN114981680A,
3233,KR20210013176A,Optical element with stress distribution support structure,라스 헨릭센|블라디미르 카타쇼브|잔느 타파니 킬피넨,Polight ASA,1039,2021-02-03,,2019-05-24,,"tlens|2,polight|1,TLens®|1,TLens|2,T Lens|1,poLight|1","adjustable lens|2,autofocus lens|1,deformable lens|4,refractive lens|2,micro lens|4,transparent lens|15,non-fluid lens|1,polymer lens|2,tunable lens|1","polymer|18,norway|1,pzt film|1,piezoelectric actuators|8,lens body|46,piezoelectric actuator|6",cavity|4,"autofocus|3,auto focus|3,camera module|1,mobile phones|2,digital camera|1,(OIS)|1,OIS|1","=HYPERLINK(""https://patents.google.com/patent/KR20210013176A/en"")",2,"DE102019112224A1,CN113192994A",
3457,WO2019224367A1,Optical element with stress distributing supporting structure,Lars Henriksen|Vladimir Kartashov|Janne Tapani Kilpinen,Polight ASA,894,2019-11-28,,2018-05-24,,"tlens|2,polight|1,TLens®|1,TLens|2,poLight|1","deformable lens|4,refractive lens|2,micro lens|7,transparent lens|15,non-fluid lens|3,polymer lens|2,tunable lens|1","polymer|20,norway|1,pzt film|1,piezoelectric actuators|11,lens body|46,piezoelectric actuator|2","oil|2,cavity|10","auto focus|3,camera module|1,mobile phones|3,digital camera|1,(OIS)|1,OIS|1","=HYPERLINK(""https://patents.google.com/patent/WO2019224367A1/en"")",2,,"WO2008035983A1,WO2008100154A1,US20100165475A1,WO2016009078A1"
5668,CN106687830B,Piezoelectric actuated optical lens,皮埃尔·克雷恩|约翰·菲尔|尼古拉斯·塔拉罗恩,Pellet Co Ltd,585,2017-05-17,2019-05-10,2015-07-17,Active,"polight|2,poLight|2","adjustable lens|1,deformable lens|26,flexible lens|1,tunable lens|1,tunable optical lens|1","polymer|5,piezoelectric actuators|33,lens body|25,piezoelectric actuator|67",oil|2,"digital camera|1,(OIS)|1,OIS|1","=HYPERLINK(""https://patents.google.com/patent/CN106687830B/en"")",3,"US7017775B2,ES2561756T3,ITUB20159497A1,EP3586175A1,WO2019002448A1,KR20210013176A,CN110132502B,TWI701474B,TWI704389B,RU2746857C1,WO2022207643A1",CN205809412U
5672,US10001629B2,Piezoelectrically actuated optical lens,Pierre Craen|John Phair|Nicolas Tallaron,Polight ASA,981,2017-07-13,2018-06-19,2015-07-17,Active,"polight|2,TLens®|3,poLight|2","focus lens|1,deformable lens|27,tunable lens|3,tunable microlens|5,tunable optical lens|2","polymer|5,norway|1,piezoelectric actuators|131,lens body|45,piezoelectric actuator|8",oil|1,"auto focus|3,camera module|1,mobile phones|2,digital camera|1,(OIS)|1,OIS|1","=HYPERLINK(""https://patents.google.com/patent/US10001629B2/en"")",3,"US20170075042A1,US7017775B2,ITUB20159497A1,EP3586175A1,WO2019002448A1,KR20210013176A,CN110132502B,TWI701474B,TWI704389B,RU2746857C1,WO2022207643A1","US20110038028A1,US20120170134A1,US20140104696A1,US20120300171A1,US20150338604A1"
5689,JP2016500830A,A method for optimizing the placement of piezoelectric actuators in micro-variable lens bodies,フェアー，ジョン|ムラール，ポール,Polight ASA,631,2016-01-14,2016-12-27,2013-09-18,Active,"tlens|1,polight|1,TLens®|1,TLens|1,T Lens|1","flexible lens|32,variable lens|2","polymer|1,piezoelectric element|15,pzt film|3,piezoelectric actuators|4,lens body|50,piezoelectric actuator|20","ring electrodes|1,voice coil motor|1,cavity|1","autofocus|1,auto focus|1,mobile phones|2,mobile phone cameras|1","=HYPERLINK(""https://patents.google.com/patent/JP2016500830A/en"")",3,"JP2017156453A,JP2019525448A,EP2208367B1,US8715152B2,DK2342905T3,EP3758394A1,US10034103B2,WO2016011044A1,US9924276B2,KR101793225B1,EP3888564A1,US10492010B2,US20170195806A1,KR101924613B1,EP3510796A4,WO2018093733A1,JP2020510245A,CN107576854B,JP2019152725A,CN110320671A,WO2019199680A1,CN109216536B,CN108933546A,CN109909140B,TWI704389B,CN110993684A,CN110927837A,CN111554756B","JP2007124440A,JP2010518444A,EP2199836A1"
